<?xml version="1.0" encoding="UTF-8"?>
<project-private xmlns="http://www.netbeans.org/ns/project-private/1">
    <editor-bookmarks xmlns="http://www.netbeans.org/ns/editor-bookmarks/2" lastBookmarkId="0"/>
    <open-files xmlns="http://www.netbeans.org/ns/projectui-open-files/2">
        <group>
            <file>file:/C:/Users/Asus/Documents/NetBeansProjects/pbo2_2310010527%20kimi/pbo2_2310010527%20kimi/src/configDB/jenis.java</file>
            <file>file:/C:/Users/Asus/Documents/NetBeansProjects/pbo2_2310010527%20kimi/pbo2_2310010527%20kimi/src/configDB/jurusan.java</file>
            <file>file:/C:/Users/Asus/Documents/NetBeansProjects/pbo2_2310010527%20kimi/pbo2_2310010527%20kimi/src/configDB/kontak.java</file>
            <file>file:/C:/Users/Asus/Documents/NetBeansProjects/pbo2_2310010527%20kimi/pbo2_2310010527%20kimi/src/configDB/yayasan.java</file>
            <file>file:/C:/Users/Asus/Documents/NetBeansProjects/pbo2_2310010527%20kimi/pbo2_2310010527%20kimi/src/frame/FrameMenu.java</file>
            <file>file:/C:/Users/Asus/Documents/NetBeansProjects/pbo2_2310010527%20kimi/pbo2_2310010527%20kimi/src/pbo2_2310010527/Pbo2_2310010527.java</file>
            <file>file:/C:/Users/Asus/Documents/NetBeansProjects/pbo2_2310010527%20kimi/pbo2_2310010527%20kimi/src/frame/Frameyayasann.java</file>
            <file>file:/C:/Users/Asus/Documents/NetBeansProjects/pbo2_2310010527%20kimi/pbo2_2310010527%20kimi/src/laporan/laporanYayasan.jrxml</file>
            <file>file:/C:/Users/Asus/Documents/NetBeansProjects/pbo2_2310010527%20kimi/pbo2_2310010527%20kimi/src/laporan/laporanJenis.jrxml</file>
            <file>file:/C:/Users/Asus/Documents/NetBeansProjects/pbo2_2310010527%20kimi/pbo2_2310010527%20kimi/src/frame/framejeniss.java</file>
            <file>file:/C:/Users/Asus/Documents/NetBeansProjects/pbo2_2310010527%20kimi/pbo2_2310010527%20kimi/src/laporan/laporanJurusan.jrxml</file>
            <file>file:/C:/Users/Asus/Documents/NetBeansProjects/pbo2_2310010527%20kimi/pbo2_2310010527%20kimi/src/laporan/laporanKontak.jrxml</file>
        </group>
    </open-files>
</project-private>
